{"cameraMode":{"drawMode":0,"name":"Shaded","section":"Shading Mode"},"sceneLighting":true,"audioPlay":false,"sceneViewState":{"showFog":true,"showMaterialUpdate":false,"showSkybox":true,"showFlares":true,"showImageEffects":true,"showParticleSystems":true},"in2DMode":false,"pivot":{"x":40.693721771240237,"y":11.33255386352539,"z":-11.18150806427002},"rotation":{"x":-0.04333678260445595,"y":0.7181757092475891,"z":-0.04444470629096031,"w":-0.6933875679969788},"size":6.194811820983887,"orthographic":true}